timezone,temp,humidity,description
2025-02-19 06:06:00,0.76,29,clear sky
2025-02-19 06:23:59,-0.13,18,clear sky
2025-02-19 06:34:30,1.76,25,clear sky
2025-02-19 06:44:01,1.76,25,clear sky
2025-02-19 06:54:58,1.76,25,clear sky
2025-02-19 07:17:33,-0.42,18,clear sky
2025-02-19 07:29:39,0.76,25,clear sky
2025-02-19 07:41:01,0.76,25,clear sky
2025-02-19 07:52:19,0.76,25,clear sky
2025-02-19 08:17:44,-0.74,19,clear sky
2025-02-19 08:38:58,0.76,29,clear sky
2025-02-19 08:51:07,0.76,29,clear sky
2025-02-19 09:11:11,0.76,29,clear sky
2025-02-19 09:29:51,-1.24,29,clear sky
2025-02-19 09:41:28,-1.24,29,clear sky
2025-02-19 09:52:41,-1.24,29,clear sky
2025-02-19 10:14:29,-2.1,25,clear sky
2025-02-19 10:36:22,-3.24,39,clear sky
2025-02-19 10:47:28,-3.24,39,clear sky
2025-02-19 10:58:27,-3.24,39,clear sky
2025-02-19 11:19:25,-2.72,29,clear sky
2025-02-19 11:30:39,-3.24,43,clear sky
2025-02-19 11:41:46,-3.24,43,clear sky
2025-02-19 11:53:07,-3.24,43,clear sky
2025-02-19 12:26:23,-4.24,50,clear sky
2025-02-19 12:58:50,-4.24,50,clear sky
2025-02-19 13:28:30,-5.24,50,clear sky
2025-02-19 13:41:18,-5.24,50,clear sky
2025-02-19 13:52:44,-5.24,50,clear sky
2025-02-19 14:13:14,-5.24,50,clear sky
2025-02-19 14:33:25,-5.24,54,clear sky
2025-02-19 14:45:00,-5.24,54,clear sky
2025-02-19 14:56:02,-5.24,54,clear sky
2025-02-19 15:22:38,-3.23,36,clear sky
2025-02-19 15:36:52,-6.24,58,clear sky
2025-02-19 15:48:05,-6.24,58,clear sky
2025-02-19 15:59:25,-6.24,58,clear sky
2025-02-19 16:29:42,-6.24,58,clear sky
2025-02-19 16:46:16,-6.24,58,clear sky
2025-02-19 16:57:16,-6.24,58,clear sky
2025-02-19 17:20:48,-3.46,37,clear sky
2025-02-19 17:35:48,-8.24,62,clear sky
2025-02-19 17:47:02,-8.24,62,clear sky
2025-02-19 17:58:02,-8.24,62,clear sky
2025-02-19 18:31:00,-8.24,67,clear sky
2025-02-19 18:46:36,-8.24,67,clear sky
2025-02-19 18:57:36,-8.24,67,clear sky
2025-02-19 19:17:39,-3.86,41,clear sky
2025-02-19 19:28:40,-9.24,73,clear sky
2025-02-19 19:39:49,-9.24,73,clear sky
2025-02-19 19:51:03,-9.24,73,clear sky
2025-02-19 20:11:32,-4.05,42,clear sky
2025-02-19 20:30:27,-10.24,85,clear sky
2025-02-19 20:42:09,-10.24,85,clear sky
2025-02-19 20:53:31,-10.24,85,clear sky
2025-02-19 21:14:02,-10.24,85,clear sky
2025-02-19 21:28:02,-10.24,85,clear sky
2025-02-19 21:39:19,-10.24,85,clear sky
2025-02-19 21:50:24,-10.24,85,clear sky
2025-02-19 22:08:21,-4.41,43,clear sky
2025-02-19 22:28:29,-8.24,73,clear sky
2025-02-19 22:40:49,-8.24,73,clear sky
2025-02-19 22:52:00,-8.24,73,clear sky
2025-02-19 23:11:40,-8.24,73,clear sky
2025-02-19 23:27:32,-7.24,73,clear sky
2025-02-19 23:39:45,-7.24,73,clear sky
2025-02-19 23:51:01,-7.24,73,clear sky
2025-02-20 00:50:10,-3.24,59,clear sky
2025-02-20 02:10:32,-1.24,40,clear sky
2025-02-20 02:56:56,-0.24,32,clear sky
2025-02-20 03:26:41,0.76,29,clear sky
2025-02-20 03:43:16,0.76,29,clear sky
2025-02-20 03:54:06,0.76,29,clear sky
2025-02-20 04:19:28,-0.67,25,clear sky
2025-02-20 04:37:32,0.76,29,clear sky
2025-02-20 04:48:56,0.76,29,clear sky
2025-02-20 05:00:12,0.76,29,clear sky
2025-02-20 05:25:19,-0.11,23,clear sky
2025-02-20 05:39:29,1.76,27,clear sky
2025-02-20 05:50:42,1.76,27,clear sky
2025-02-20 06:13:58,0.27,20,clear sky
2025-02-20 06:39:41,1.76,27,clear sky
2025-02-20 06:50:56,1.76,27,clear sky
2025-02-20 07:09:56,0.18,20,clear sky
2025-02-20 07:26:20,1.76,27,clear sky
2025-02-20 07:38:07,1.76,27,clear sky
2025-02-20 07:49:09,1.76,27,clear sky
2025-02-20 08:00:14,1.76,27,clear sky
2025-02-20 08:30:57,0.76,23,clear sky
2025-02-20 08:46:28,0.76,23,clear sky
2025-02-20 08:57:52,0.76,23,clear sky
2025-02-20 09:24:55,-1.24,29,clear sky
2025-02-20 09:38:26,-1.24,29,clear sky
2025-02-20 09:49:42,-1.24,29,clear sky
2025-02-20 10:08:26,-1.24,29,clear sky
2025-02-20 10:33:13,-2.24,34,clear sky
2025-02-20 10:45:15,-2.24,34,clear sky
2025-02-20 10:56:09,-2.24,34,clear sky
2025-02-20 11:17:12,-2.78,34,clear sky
2025-02-20 11:28:18,-3.24,36,clear sky
2025-02-20 11:39:32,-3.24,36,clear sky
2025-02-20 11:50:48,-3.24,36,clear sky
2025-02-20 21:10:23,-3.24,36,clear sky
2025-02-20 21:18:38,-3.24,36,clear sky
2025-02-20 21:55:32,-4.24,39,clear sky
2025-02-20 22:25:47,-5.24,50,clear sky
2025-02-20 22:40:23,-5.24,50,clear sky
2025-02-20 22:51:45,-5.24,50,clear sky
2025-02-20 23:11:45,-3.64,38,clear sky
2025-02-20 23:33:06,-5.24,54,clear sky
2025-02-20 23:44:50,-5.24,54,clear sky
2025-02-20 23:55:48,-5.24,54,clear sky
2025-02-21 00:22:39,-6.24,58,clear sky
2025-02-21 00:38:25,-6.24,58,clear sky
2025-02-21 00:49:32,-6.24,58,clear sky
2025-02-21 01:09:28,-6.24,58,clear sky
2025-02-21 01:36:37,-7.24,63,clear sky
2025-02-21 01:51:46,-7.24,63,clear sky
2025-02-21 02:10:58,-7.24,63,clear sky
2025-02-21 02:28:50,-3.79,41,clear sky
2025-02-21 02:41:02,-6.24,63,clear sky
2025-02-21 02:52:20,-6.24,63,clear sky
2025-02-21 03:17:46,-3.97,41,clear sky
2025-02-21 03:40:34,-7.24,63,clear sky
2025-02-21 03:51:36,-7.24,63,clear sky
2025-02-21 04:09:24,-7.24,63,clear sky
2025-02-21 04:23:08,-9.24,62,clear sky
2025-02-21 04:35:52,-9.24,62,clear sky
2025-02-21 04:47:06,-9.24,62,clear sky
2025-02-21 04:58:20,-9.24,62,clear sky
2025-02-21 05:25:32,-9.24,73,clear sky
2025-02-21 05:39:30,-9.24,73,clear sky
2025-02-21 05:50:24,-9.24,73,clear sky
2025-02-21 06:08:14,-9.24,73,clear sky
2025-02-21 06:25:58,-10.24,79,clear sky
2025-02-21 06:37:31,-10.24,79,clear sky
2025-02-21 06:48:42,-10.24,79,clear sky
2025-02-21 06:59:45,-10.24,79,clear sky
2025-02-21 07:24:34,-4.45,46,clear sky
2025-02-21 07:38:43,-10.24,85,clear sky
2025-02-21 07:49:41,-10.24,85,clear sky
2025-02-21 08:07:43,-4.48,47,clear sky
2025-02-21 08:26:56,-7.24,73,clear sky
2025-02-21 08:39:02,-7.24,73,clear sky
2025-02-21 08:50:12,-7.24,73,clear sky
2025-02-21 09:42:13,-3.24,59,clear sky
2025-02-21 11:08:18,-1.24,43,clear sky
2025-02-21 11:56:38,-0.24,32,clear sky
2025-02-21 12:26:27,0.76,32,clear sky
2025-02-21 12:42:25,0.76,32,clear sky
2025-02-21 12:53:24,0.76,32,clear sky
2025-02-21 13:19:16,0.76,32,clear sky
2025-02-21 13:40:25,0.76,32,clear sky
2025-02-21 13:51:15,0.76,32,clear sky
2025-02-21 14:11:05,-0.26,28,clear sky
2025-02-21 14:31:06,0.76,32,clear sky
2025-02-21 14:42:20,0.76,32,clear sky
2025-02-21 14:53:50,0.76,32,clear sky
2025-02-21 15:22:17,0.76,37,clear sky
2025-02-21 15:42:29,0.76,37,clear sky
2025-02-21 15:53:41,0.76,37,clear sky
2025-02-21 16:15:18,0.78,27,few clouds
2025-02-21 16:28:39,0.76,40,clear sky
2025-02-21 16:39:36,0.76,40,clear sky
2025-02-21 16:50:57,0.76,40,clear sky
2025-02-21 17:13:34,0.11,24,clear sky
2025-02-21 17:35:08,1.76,30,clear sky
2025-02-21 17:47:39,1.76,30,clear sky
2025-02-21 17:58:56,1.76,30,clear sky
2025-02-21 18:24:43,-0.76,26,clear sky
2025-02-21 18:37:55,-0.24,27,clear sky
2025-02-21 18:49:10,-0.24,27,clear sky
2025-02-21 19:00:19,-0.24,27,clear sky
2025-02-21 19:27:32,-2.24,37,clear sky
2025-02-21 19:42:28,-2.24,37,clear sky
2025-02-21 19:53:42,-2.24,37,clear sky
2025-02-21 20:12:45,-2.15,33,clear sky
2025-02-21 20:27:17,-2.15,33,clear sky
2025-02-21 20:38:53,-2.24,40,clear sky
2025-02-21 20:50:09,-2.24,40,clear sky
2025-02-21 21:15:52,-2.24,40,clear sky
2025-02-21 21:53:44,-3.24,46,clear sky
2025-02-21 22:21:23,-4.24,50,clear sky
2025-02-21 22:35:18,-4.24,50,clear sky
2025-02-21 22:46:14,-4.24,50,clear sky
2025-02-21 22:57:24,-4.24,50,clear sky
2025-02-21 23:20:49,-2.6,40,clear sky
2025-02-21 23:36:26,-4.24,50,clear sky
2025-02-21 23:47:48,-4.24,50,clear sky
2025-02-21 23:58:58,-4.24,50,clear sky
2025-02-22 00:24:53,-2.53,38,few clouds
2025-02-22 00:38:30,-4.24,54,clear sky
2025-02-22 00:49:31,-4.24,54,clear sky
2025-02-22 01:09:01,-4.24,54,clear sky
2025-02-22 01:34:10,-5.24,58,clear sky
2025-02-22 01:46:17,-5.24,58,clear sky
2025-02-22 01:57:29,-5.24,58,clear sky
2025-02-22 02:19:35,-3.39,38,few clouds
2025-02-22 02:31:12,-5.24,63,clear sky
2025-02-22 02:42:34,-5.24,63,clear sky
2025-02-22 02:53:46,-5.24,63,clear sky
2025-02-22 03:21:00,-6.24,73,clear sky
2025-02-22 03:41:07,-6.24,73,clear sky
2025-02-22 03:52:18,-6.24,73,clear sky
2025-02-22 04:09:58,-6.24,73,clear sky
2025-02-22 04:22:24,-4,38,clear sky
2025-02-22 04:34:45,-7.24,73,clear sky
2025-02-22 04:45:53,-7.24,73,clear sky
2025-02-22 04:56:51,-7.24,73,clear sky
2025-02-22 05:23:24,-4.18,40,clear sky
2025-02-22 05:36:48,-8.24,86,clear sky
2025-02-22 05:47:59,-8.24,86,clear sky
2025-02-22 05:59:10,-8.24,86,clear sky
2025-02-22 06:19:51,-4.37,41,clear sky
2025-02-22 06:30:56,-7.24,73,clear sky
2025-02-22 06:42:19,-7.24,73,clear sky
2025-02-22 06:53:27,-7.24,73,clear sky
2025-02-22 07:13:42,-7.24,73,clear sky
2025-02-22 07:32:24,-7.24,79,clear sky
2025-02-22 07:43:21,-7.24,79,clear sky
2025-02-22 07:54:41,-7.24,79,clear sky
2025-02-22 08:17:41,-4.52,41,clear sky
2025-02-22 08:30:20,-6.24,73,clear sky
2025-02-22 08:41:34,-6.24,73,clear sky
2025-02-22 08:52:59,-6.24,73,clear sky
2025-02-22 10:04:54,-3.24,59,clear sky
2025-02-22 11:19:26,-0.24,34,clear sky
2025-02-22 11:56:24,-0.24,34,clear sky
2025-02-22 12:23:35,0.76,34,clear sky
2025-02-22 12:38:15,0.76,34,clear sky
2025-02-22 12:49:32,0.76,34,clear sky
2025-02-22 13:09:11,0.76,34,clear sky
2025-02-22 13:32:56,1.76,32,clear sky
2025-02-22 13:45:45,1.76,32,clear sky
2025-02-22 13:56:53,1.76,32,clear sky
2025-02-22 14:20:12,-0.41,25,clear sky
2025-02-22 14:34:08,0.76,34,clear sky
2025-02-22 14:45:23,0.76,34,clear sky
2025-02-22 14:56:36,0.76,34,clear sky
2025-02-22 15:29:54,-0.06,25,clear sky
2025-02-22 15:46:55,0.76,37,clear sky
2025-02-22 15:57:44,0.76,37,clear sky
2025-02-22 16:19:25,-0.02,28,clear sky
2025-02-22 16:30:26,0.76,37,clear sky
2025-02-22 16:41:26,0.76,37,clear sky
2025-02-22 16:52:43,0.76,37,clear sky
2025-02-22 17:15:22,0.76,37,clear sky
2025-02-22 17:33:05,0.76,37,clear sky
2025-02-22 17:44:33,0.76,37,clear sky
2025-02-22 17:55:37,0.76,37,clear sky
2025-02-22 18:18:50,-0.49,28,clear sky
2025-02-22 18:30:24,-1.24,47,clear sky
2025-02-22 18:41:25,-1.24,47,clear sky
2025-02-22 18:52:44,-1.24,47,clear sky
2025-02-22 19:12:46,-1.44,31,clear sky
2025-02-22 19:35:37,-1.24,51,clear sky
2025-02-22 19:46:42,-1.24,51,clear sky
2025-02-22 19:57:54,-1.24,51,clear sky
2025-02-22 20:17:03,-1.24,51,clear sky
2025-02-22 20:28:15,-2.26,34,clear sky
2025-02-22 20:39:20,-2.24,37,clear sky
2025-02-22 20:50:45,-2.24,37,clear sky
2025-02-22 21:15:50,-2.81,35,few clouds
2025-02-22 21:49:09,-4.24,42,clear sky
2025-02-22 22:10:10,-4.24,42,clear sky
2025-02-22 22:27:28,-5.24,46,clear sky
2025-02-22 22:38:45,-5.24,46,clear sky
2025-02-22 22:49:46,-5.24,46,clear sky
2025-02-22 23:04:19,-5.24,46,clear sky
2025-02-22 23:25:20,-5.24,50,clear sky
2025-02-22 23:37:18,-5.24,50,clear sky
2025-02-22 23:48:26,-5.24,50,clear sky
2025-02-22 23:59:26,-5.24,50,clear sky
2025-02-23 00:21:46,-6.24,53,clear sky
2025-02-23 00:33:43,-6.24,53,clear sky
2025-02-23 00:44:57,-6.24,53,clear sky
2025-02-23 00:55:54,-6.24,53,clear sky
2025-02-23 01:22:21,-6.24,58,clear sky
2025-02-23 01:38:14,-6.24,58,clear sky
2025-02-23 01:49:25,-6.24,58,clear sky
2025-02-23 02:00:50,-6.24,58,clear sky
2025-02-23 02:23:47,-8.24,62,clear sky
2025-02-23 02:36:30,-8.24,62,clear sky
2025-02-23 02:47:57,-8.24,62,clear sky
2025-02-23 02:58:54,-8.24,62,clear sky
2025-02-23 03:29:44,-7.24,58,clear sky
2025-02-23 03:43:13,-7.24,58,clear sky
2025-02-23 03:53:57,-7.24,58,clear sky
2025-02-23 04:12:03,-7.24,58,clear sky
2025-02-23 04:23:14,-4.19,39,clear sky
2025-02-23 04:35:11,-9.24,67,clear sky
2025-02-23 04:46:32,-9.24,67,clear sky
2025-02-23 04:57:45,-9.24,67,clear sky
2025-02-23 05:22:36,-4.47,37,clear sky
2025-02-23 05:34:39,-8.24,67,clear sky
2025-02-23 05:45:43,-8.24,67,clear sky
2025-02-23 05:56:43,-8.24,67,clear sky
2025-02-23 06:19:28,-4.75,35,clear sky
2025-02-23 06:30:22,-8.24,67,clear sky
2025-02-23 06:41:24,-8.24,67,clear sky
2025-02-23 06:52:44,-8.24,67,clear sky
2025-02-23 07:11:33,-8.24,67,clear sky
2025-02-23 07:30:02,-7.24,63,clear sky
2025-02-23 07:41:06,-7.24,63,clear sky
2025-02-23 07:52:16,-7.24,63,clear sky
2025-02-23 08:11:13,-7.24,63,clear sky
2025-02-23 08:25:48,-5.24,58,clear sky
2025-02-23 08:37:41,-5.24,58,clear sky
2025-02-23 08:48:42,-5.24,58,clear sky
2025-02-23 08:59:42,-5.24,58,clear sky
2025-02-23 10:57:07,-2.24,37,clear sky
2025-02-23 11:56:26,-1.24,37,clear sky
2025-02-23 12:27:09,-2.56,30,clear sky
2025-02-23 12:42:58,-2.24,34,few clouds
2025-02-23 12:54:09,-2.24,34,few clouds
2025-02-23 13:19:15,-2.24,34,few clouds
2025-02-23 13:38:48,-0.24,32,few clouds
2025-02-23 13:49:56,-0.24,32,few clouds
2025-02-23 14:08:01,-1.47,25,clear sky
2025-02-23 14:29:24,-0.24,27,clear sky
2025-02-23 14:40:46,-0.24,27,clear sky
2025-02-23 14:52:01,-0.24,27,clear sky
2025-02-23 15:15:52,-1.29,24,few clouds
2025-02-23 15:38:01,-0.24,29,clear sky
2025-02-23 15:49:09,-0.24,29,clear sky
2025-02-23 16:00:06,-0.24,29,clear sky
2025-02-23 16:22:14,-0.24,34,clear sky
2025-02-23 16:34:18,-0.24,34,clear sky
2025-02-23 16:45:18,-0.24,34,clear sky
2025-02-23 16:56:39,-0.24,34,clear sky
2025-02-23 17:26:18,-0.24,29,clear sky
2025-02-23 17:41:15,-0.24,29,clear sky
2025-02-23 17:52:20,-0.24,29,clear sky
2025-02-23 18:12:24,-0.24,29,clear sky
2025-02-23 18:29:17,-2.24,34,clear sky
2025-02-23 18:41:09,-2.24,34,clear sky
2025-02-23 18:52:25,-2.24,34,clear sky
2025-02-23 19:13:14,-3.08,33,clear sky
2025-02-23 19:33:07,-3.24,36,clear sky
2025-02-23 19:44:18,-3.24,36,clear sky
2025-02-23 19:55:10,-3.24,36,clear sky
2025-02-23 20:14:41,-3.24,36,clear sky
2025-02-23 20:25:37,-4.24,42,clear sky
2025-02-23 20:39:08,-4.24,42,clear sky
2025-02-23 20:50:10,-4.24,42,clear sky
2025-02-23 21:13:58,-3.59,37,clear sky
2025-02-23 21:49:50,-5.24,50,clear sky
2025-02-23 22:11:47,-3.88,39,clear sky
2025-02-23 22:28:50,-5.24,50,clear sky
2025-02-23 22:39:49,-5.24,50,clear sky
2025-02-23 22:51:12,-5.24,50,clear sky
2025-02-23 23:09:54,-5.24,50,clear sky
2025-02-23 23:28:37,-6.24,53,clear sky
2025-02-23 23:41:28,-6.24,53,clear sky
2025-02-23 23:52:41,-6.24,53,clear sky
2025-02-24 00:12:21,-3.63,39,clear sky
2025-02-24 00:28:01,-6.24,53,clear sky
2025-02-24 00:40:00,-6.24,53,clear sky
2025-02-24 00:50:55,-6.24,53,clear sky
2025-02-24 01:10:23,-6.24,53,clear sky
2025-02-24 01:31:43,-6.24,58,clear sky
2025-02-24 01:43:37,-6.24,58,clear sky
2025-02-24 01:54:46,-6.24,58,clear sky
2025-02-24 02:14:38,-3.7,39,clear sky
2025-02-24 02:29:15,-8.24,62,clear sky
2025-02-24 02:41:28,-8.24,62,clear sky
2025-02-24 02:52:53,-8.24,62,clear sky
2025-02-24 03:16:56,-3.84,39,clear sky
2025-02-24 03:36:55,-8.24,67,clear sky
2025-02-24 03:48:10,-8.24,67,clear sky
2025-02-24 03:59:08,-8.24,67,clear sky
2025-02-24 04:17:10,-8.24,67,clear sky
2025-02-24 04:28:13,-10.24,79,clear sky
2025-02-24 04:39:10,-10.24,79,clear sky
2025-02-24 04:50:25,-10.24,79,clear sky
2025-02-24 05:09:22,-10.24,79,clear sky
2025-02-24 05:27:20,-10.24,73,clear sky
2025-02-24 05:40:17,-10.24,73,clear sky
2025-02-24 05:51:43,-10.24,73,clear sky
2025-02-24 06:10:00,-4.28,42,clear sky
2025-02-24 06:26:12,-9.24,73,clear sky
2025-02-24 06:37:23,-9.24,73,clear sky
2025-02-24 06:48:47,-9.24,73,clear sky
2025-02-24 06:59:45,-9.24,73,clear sky
2025-02-24 07:23:35,-4.35,43,clear sky
2025-02-24 07:37:02,-10.24,79,clear sky
2025-02-24 07:48:07,-10.24,79,clear sky
2025-02-24 07:59:08,-10.24,79,clear sky
2025-02-24 08:21:19,-7.24,68,clear sky
2025-02-24 08:33:19,-7.24,68,clear sky
2025-02-24 08:44:11,-7.24,68,clear sky
2025-02-24 08:55:13,-7.24,68,clear sky
2025-02-24 10:27:02,-0.24,37,clear sky
2025-02-24 11:43:08,0.76,32,clear sky
2025-02-24 12:15:44,-0.67,29,clear sky
2025-02-24 12:39:56,1.76,30,clear sky
2025-02-24 12:51:24,1.76,30,clear sky
2025-02-24 13:13:52,0.38,26,clear sky
2025-02-24 13:34:43,2.76,30,clear sky
2025-02-24 13:45:53,2.76,30,clear sky
2025-02-24 13:56:57,2.76,30,clear sky
2025-02-24 14:22:21,1.22,24,clear sky
2025-02-24 14:37:35,3.76,33,clear sky
2025-02-24 14:48:40,3.76,33,clear sky
2025-02-24 14:59:49,3.76,33,clear sky
2025-02-24 15:34:45,3.76,33,clear sky
2025-02-24 15:49:46,3.76,33,clear sky
2025-02-24 16:08:24,3.76,33,clear sky
2025-02-24 16:26:11,3.76,30,clear sky
2025-02-24 16:37:50,3.76,30,clear sky
2025-02-24 16:48:59,3.76,30,clear sky
2025-02-24 17:00:10,3.76,30,clear sky
2025-02-24 17:31:34,3.76,30,clear sky
2025-02-24 17:47:39,3.76,30,clear sky
2025-02-24 17:58:59,3.76,30,clear sky
2025-02-24 18:26:28,1.76,35,clear sky
2025-02-24 18:40:25,1.76,35,clear sky
2025-02-24 18:51:24,1.76,35,clear sky
2025-02-24 19:12:49,1.12,32,clear sky
2025-02-24 19:36:07,0.76,40,clear sky
2025-02-24 19:47:25,0.76,40,clear sky
2025-02-24 19:58:28,0.76,40,clear sky
2025-02-24 20:19:41,0.54,35,clear sky
2025-02-24 20:30:56,0.76,60,clear sky
2025-02-24 20:42:09,0.76,60,clear sky
2025-02-24 20:53:26,0.76,60,clear sky
2025-02-24 21:31:07,0.76,64,clear sky
2025-02-24 22:02:40,0.76,64,clear sky
2025-02-24 22:31:33,-0.24,69,clear sky
2025-02-24 22:44:03,-0.24,69,clear sky
2025-02-24 22:55:01,-0.24,69,clear sky
2025-02-24 23:18:20,-0.26,42,clear sky
2025-02-24 23:37:45,-2.24,86,clear sky
2025-02-24 23:48:41,-2.24,86,clear sky
2025-02-24 23:59:38,-2.24,86,clear sky
2025-02-25 00:27:23,-5.24,93,clear sky
2025-02-25 00:42:33,-5.24,93,clear sky
2025-02-25 00:53:52,-5.24,93,clear sky
2025-02-25 01:21:14,-0.43,45,clear sky
2025-02-25 01:43:25,-6.24,100,clear sky
2025-02-25 01:54:51,-6.24,100,clear sky
2025-02-25 02:15:21,-0.46,50,clear sky
2025-02-25 02:31:13,-5.24,100,clear sky
2025-02-25 02:42:12,-5.24,100,clear sky
2025-02-25 02:53:35,-5.24,100,clear sky
2025-02-25 03:21:24,-0.47,57,few clouds
2025-02-25 03:42:44,-7.24,93,clear sky
2025-02-25 03:54:04,-7.24,93,clear sky
2025-02-25 04:13:17,-7.24,93,clear sky
2025-02-25 04:25:16,-0.5,65,few clouds
2025-02-25 04:37:43,-6.24,93,clear sky
2025-02-25 04:48:45,-6.24,93,clear sky
2025-02-25 04:59:52,-6.24,93,clear sky
2025-02-25 05:26:40,-7.24,100,clear sky
2025-02-25 05:40:49,-7.24,100,clear sky
2025-02-25 05:52:12,-7.24,100,clear sky
2025-02-25 06:11:23,-7.24,100,clear sky
2025-02-25 06:27:39,-7.24,100,clear sky
2025-02-25 06:40:03,-7.24,100,clear sky
2025-02-25 06:51:17,-7.24,100,clear sky
2025-02-25 07:10:04,-0.74,68,scattered clouds
2025-02-25 07:31:20,-6.24,100,clear sky
2025-02-25 07:42:41,-6.24,100,clear sky
2025-02-25 07:53:45,-6.24,100,clear sky
2025-02-25 08:15:05,-0.53,66,scattered clouds
2025-02-25 08:29:16,-0.53,66,scattered clouds
2025-02-25 08:40:09,-3.24,93,clear sky
2025-02-25 08:51:21,-3.24,93,clear sky
2025-02-25 09:53:38,0.76,80,clear sky
2025-02-25 11:17:46,3.76,60,broken clouds
2025-02-25 12:02:22,3.76,60,broken clouds
2025-02-25 12:32:27,5.76,52,broken clouds
2025-02-25 12:46:52,5.76,52,broken clouds
2025-02-25 12:58:07,5.76,52,broken clouds
2025-02-25 13:28:21,4.76,56,broken clouds
2025-02-25 13:43:15,4.76,56,broken clouds
2025-02-25 13:54:38,4.76,56,broken clouds
2025-02-25 14:17:14,4.76,56,broken clouds
2025-02-25 14:35:57,4.76,60,broken clouds
2025-02-25 14:46:01,4.76,60,broken clouds
2025-02-25 14:56:58,4.76,60,broken clouds
2025-02-25 15:31:55,4.76,65,broken clouds
2025-02-25 15:47:47,4.76,65,broken clouds
2025-02-25 15:58:47,4.76,65,broken clouds
2025-02-25 16:22:46,5.76,61,broken clouds
2025-02-25 16:34:53,5.76,61,broken clouds
2025-02-25 16:46:14,5.76,61,broken clouds
2025-02-25 16:57:14,5.76,61,broken clouds
2025-02-25 17:29:59,4.76,65,broken clouds
2025-02-25 17:46:19,4.76,65,broken clouds
2025-02-25 17:57:30,4.76,65,broken clouds
2025-02-25 18:25:26,3.84,66,overcast clouds
2025-02-25 18:39:32,4.76,70,broken clouds
2025-02-25 18:50:45,4.76,70,broken clouds
2025-02-25 19:10:53,3.37,71,overcast clouds
2025-02-25 19:34:36,3.76,75,broken clouds
2025-02-25 19:46:19,3.76,75,broken clouds
2025-02-25 19:57:21,3.76,75,broken clouds
2025-02-25 20:19:41,3.76,75,broken clouds
2025-02-25 20:30:50,3.76,75,broken clouds
2025-02-25 20:41:53,3.76,75,broken clouds
2025-02-25 20:53:12,3.76,75,broken clouds
2025-02-25 21:29:58,3.76,81,scattered clouds
2025-02-25 22:02:13,3.76,81,scattered clouds
2025-02-25 22:31:23,1.76,93,scattered clouds
2025-02-25 22:43:48,1.76,93,scattered clouds
2025-02-25 22:54:59,1.76,93,scattered clouds
2025-02-25 23:18:09,2.47,86,clear sky
2025-02-25 23:37:56,1.76,93,scattered clouds
2025-02-25 23:49:12,1.76,93,scattered clouds
2025-02-26 00:00:19,1.76,93,scattered clouds
2025-02-26 00:27:25,2.76,93,scattered clouds
2025-02-26 00:42:32,2.76,93,scattered clouds
2025-02-26 00:54:06,2.76,93,scattered clouds
2025-02-26 01:21:33,2.15,88,clear sky
2025-02-26 01:43:04,2.76,93,mist
2025-02-26 01:54:40,2.76,93,mist
2025-02-26 02:18:38,1.9,90,clear sky
2025-02-26 02:37:31,2.76,100,mist
2025-02-26 02:48:40,2.76,100,mist
2025-02-26 02:59:56,2.76,100,mist
2025-02-26 03:33:50,2.76,100,mist
2025-02-26 03:48:58,2.76,100,mist
2025-02-26 04:00:16,2.76,100,mist
2025-02-26 04:20:00,1.76,100,mist
2025-02-26 04:31:37,1.76,100,mist
2025-02-26 04:42:49,1.76,100,mist
2025-02-26 04:53:41,1.76,100,mist
2025-02-26 05:17:32,1.76,100,mist
2025-02-26 05:34:01,-0.24,100,mist
2025-02-26 05:45:10,-0.24,100,mist
2025-02-26 05:56:25,-0.24,100,mist
2025-02-26 06:20:08,-0.26,56,clear sky
2025-02-26 06:32:19,-1.24,93,fog
2025-02-26 06:43:22,-1.24,93,fog
2025-02-26 06:54:45,-1.24,93,fog
2025-02-26 07:16:54,-0.51,45,clear sky
2025-02-26 07:35:02,-4.24,100,fog
2025-02-26 07:46:23,-4.24,100,fog
2025-02-26 07:57:16,-4.24,100,fog
2025-02-26 08:21:32,-0.39,37,clear sky
2025-02-26 08:33:42,-2.24,93,fog
2025-02-26 08:44:43,-2.24,93,fog
2025-02-26 08:55:39,-2.24,93,fog
2025-02-26 10:37:33,3.76,60,haze
2025-02-26 11:42:23,4.76,45,haze
2025-02-26 12:13:56,4.17,16,clear sky
2025-02-26 12:39:45,6.76,26,clear sky
2025-02-26 12:51:12,6.76,26,clear sky
2025-02-26 13:13:46,5.17,15,clear sky
2025-02-26 13:38:27,7.76,17,clear sky
2025-02-26 13:50:35,7.76,17,clear sky
2025-02-26 14:10:08,7.76,17,clear sky
2025-02-26 14:31:03,7.76,21,clear sky
2025-02-26 14:42:41,7.76,21,clear sky
2025-02-26 14:53:59,7.76,21,clear sky
2025-02-26 15:23:31,7.76,19,clear sky
2025-02-26 15:44:17,7.76,19,clear sky
2025-02-26 15:55:25,7.76,19,clear sky
2025-02-26 16:18:20,7.76,18,clear sky
2025-02-26 16:29:46,7.76,18,clear sky
2025-02-26 16:40:52,7.76,18,clear sky
2025-02-26 16:52:13,7.76,18,clear sky
2025-02-26 17:17:15,5.22,23,clear sky
2025-02-26 17:39:13,6.76,19,clear sky
2025-02-26 17:51:34,6.76,19,clear sky
2025-02-26 18:12:52,4.08,29,clear sky
2025-02-26 18:31:28,4.76,22,clear sky
2025-02-26 18:42:51,4.76,22,clear sky
2025-02-26 18:53:52,4.76,22,clear sky
2025-02-26 19:17:42,3.39,33,clear sky
2025-02-26 19:38:37,2.76,23,clear sky
2025-02-26 19:49:47,2.76,23,clear sky
2025-02-26 20:07:39,2.76,23,clear sky
2025-02-26 20:24:24,2.78,40,clear sky
2025-02-26 20:36:43,1.76,27,clear sky
2025-02-26 20:47:50,1.76,27,clear sky
2025-02-26 20:59:06,1.76,27,clear sky
2025-02-26 21:48:40,0.76,37,clear sky
2025-02-26 22:15:45,1.64,48,clear sky
2025-02-26 22:36:03,-0.24,40,clear sky
2025-02-26 22:47:31,-0.24,40,clear sky
2025-02-26 22:58:44,-0.24,40,clear sky
2025-02-26 23:24:37,-1.24,51,clear sky
2025-02-26 23:40:57,-1.24,51,clear sky
2025-02-26 23:51:57,-1.24,51,clear sky
2025-02-27 00:13:31,0.74,57,clear sky
2025-02-27 00:33:54,-4.24,68,clear sky
2025-02-27 00:45:59,-4.24,68,clear sky
2025-02-27 00:57:20,-4.24,68,clear sky
2025-02-27 01:30:24,-4.24,74,clear sky
2025-02-27 01:48:11,-4.24,74,clear sky
2025-02-27 01:59:25,-4.24,74,clear sky
2025-02-27 02:22:54,-5.24,63,clear sky
2025-02-27 02:37:11,-5.24,63,clear sky
2025-02-27 02:48:37,-5.24,63,clear sky
2025-02-27 02:59:34,-5.24,63,clear sky
2025-02-27 03:33:19,0.16,58,clear sky
2025-02-27 03:48:26,0.15,57,clear sky
2025-02-27 03:59:28,0.15,57,clear sky
2025-02-27 04:19:21,0.15,57,clear sky
2025-02-27 04:30:35,0.15,57,clear sky
2025-02-27 04:41:47,0.07,56,clear sky
2025-02-27 04:53:05,0.07,56,clear sky
2025-02-27 05:16:02,-6.24,73,clear sky
2025-02-27 05:32:42,-6.24,73,clear sky
2025-02-27 05:43:48,-6.24,73,clear sky
2025-02-27 05:54:47,-6.24,73,clear sky
2025-02-27 06:17:05,0.01,54,clear sky
2025-02-27 06:30:11,-6.24,79,clear sky
2025-02-27 06:41:14,-6.24,79,clear sky
2025-02-27 06:52:25,-6.24,79,clear sky
2025-02-27 07:12:35,-6.24,79,clear sky
2025-02-27 07:32:37,-6.24,86,clear sky
2025-02-27 07:43:48,-6.24,86,clear sky
2025-02-27 07:55:04,-6.24,86,clear sky
2025-02-27 08:18:51,0.34,48,clear sky
2025-02-27 08:32:44,-4.24,80,clear sky
2025-02-27 08:43:53,-4.24,80,clear sky
2025-02-27 08:54:52,-4.24,80,clear sky
2025-02-27 10:23:37,5.76,24,clear sky
2025-02-27 11:38:49,8.76,25,clear sky
2025-02-27 12:14:10,9.76,16,clear sky
2025-02-27 12:40:05,9.76,16,clear sky
2025-02-27 12:51:30,9.76,16,clear sky
2025-02-27 13:13:58,9.76,16,clear sky
2025-02-27 13:36:41,11.76,13,clear sky
2025-02-27 13:48:36,11.76,13,clear sky
2025-02-27 13:59:41,11.76,13,clear sky
2025-02-27 14:26:21,12.76,11,clear sky
2025-02-27 14:41:25,12.76,11,clear sky
2025-02-27 14:52:46,12.76,11,clear sky
2025-02-27 15:19:45,12.76,11,few clouds
2025-02-27 15:42:16,12.76,11,few clouds
2025-02-27 15:53:21,12.76,11,few clouds
2025-02-27 16:14:23,12.76,13,clear sky
2025-02-27 16:28:45,12.76,13,clear sky
2025-02-27 16:39:38,12.76,13,clear sky
2025-02-27 16:50:56,12.76,13,clear sky
2025-02-27 17:14:04,11.76,16,clear sky
2025-02-27 17:36:54,11.76,16,clear sky
2025-02-27 17:50:30,11.76,16,clear sky
2025-02-27 18:10:33,11.76,16,clear sky
2025-02-27 18:30:04,10.76,19,clear sky
2025-02-27 18:42:14,10.76,19,clear sky
2025-02-27 18:53:33,10.76,19,clear sky
2025-02-27 19:16:46,10.76,19,clear sky
2025-02-27 19:38:43,6.76,31,clear sky
2025-02-27 19:49:35,6.76,31,clear sky
2025-02-27 20:06:58,6.76,31,clear sky
2025-02-27 20:23:36,7.3,17,broken clouds
2025-02-27 20:36:09,2.76,41,clear sky
2025-02-27 20:47:18,2.76,41,clear sky
2025-02-27 20:59:18,2.76,41,clear sky
2025-02-27 21:48:34,2.76,41,clear sky
2025-02-27 22:16:13,5.92,17,overcast clouds
2025-02-27 22:37:19,-0.24,51,clear sky
2025-02-27 22:48:40,-0.24,51,clear sky
2025-02-27 22:59:40,-0.24,51,clear sky
2025-02-27 23:25:26,5.29,18,overcast clouds
2025-02-27 23:41:52,-0.24,59,clear sky
2025-02-27 23:52:53,-0.24,59,clear sky
2025-02-28 00:15:58,-0.24,59,clear sky
2025-02-28 00:34:04,0.76,60,broken clouds
2025-02-28 00:45:14,0.76,60,broken clouds
2025-02-28 00:56:17,0.76,60,broken clouds
2025-02-28 01:28:26,-0.24,69,broken clouds
2025-02-28 01:47:38,-0.24,69,broken clouds
2025-02-28 01:58:54,-0.24,69,broken clouds
2025-02-28 02:23:04,0.76,75,broken clouds
2025-02-28 02:37:54,0.76,75,broken clouds
2025-02-28 02:49:03,0.76,75,broken clouds
2025-02-28 03:00:01,0.76,75,broken clouds
2025-02-28 03:34:00,0.76,64,broken clouds
2025-02-28 03:49:00,0.76,64,broken clouds
2025-02-28 04:00:04,0.76,64,broken clouds
2025-02-28 04:19:43,4,35,broken clouds
2025-02-28 04:30:59,-0.24,64,scattered clouds
2025-02-28 04:42:10,-0.24,64,scattered clouds
2025-02-28 04:53:24,-0.24,64,scattered clouds
2025-02-28 05:16:57,-0.24,64,scattered clouds
2025-02-28 05:33:44,-0.24,69,broken clouds
2025-02-28 05:44:39,-0.24,69,broken clouds
2025-02-28 05:55:49,-0.24,69,broken clouds
2025-02-28 06:19:01,-0.24,80,broken clouds
2025-02-28 06:31:11,-0.24,80,broken clouds
2025-02-28 06:42:06,-0.24,80,broken clouds
2025-02-28 06:53:19,-0.24,80,broken clouds
2025-02-28 07:15:22,3.61,41,broken clouds
2025-02-28 07:35:30,1.76,64,broken clouds
2025-02-28 07:46:44,1.76,64,broken clouds
2025-02-28 07:57:37,1.76,64,broken clouds
2025-02-28 08:22:46,1.76,75,broken clouds
2025-02-28 08:35:14,1.76,75,broken clouds
2025-02-28 08:46:14,1.76,75,broken clouds
2025-02-28 08:57:33,1.76,75,broken clouds
2025-02-28 10:52:16,6.76,49,broken clouds
2025-02-28 11:49:23,9.76,40,broken clouds
2025-02-28 12:16:40,5.97,49,overcast clouds
2025-02-28 12:39:55,10.76,58,broken clouds
2025-02-28 12:51:05,10.76,58,broken clouds
2025-02-28 13:13:36,10.76,58,broken clouds
2025-02-28 13:36:18,10.76,62,broken clouds
2025-02-28 13:48:01,10.76,62,broken clouds
2025-02-28 13:59:08,10.76,62,broken clouds
2025-02-28 14:26:16,10.76,62,broken clouds
2025-02-28 14:41:35,10.76,62,broken clouds
2025-02-28 14:53:01,10.76,62,broken clouds
2025-02-28 15:20:14,8.69,60,overcast clouds
2025-02-28 15:42:00,11.76,58,broken clouds
2025-02-28 15:53:12,11.76,58,broken clouds
2025-02-28 16:14:43,11.76,58,broken clouds
2025-02-28 16:29:10,11.76,58,broken clouds
2025-02-28 16:40:19,11.76,58,broken clouds
2025-02-28 16:51:23,11.76,58,broken clouds
2025-02-28 17:14:55,10.76,66,scattered clouds
2025-02-28 17:36:54,10.76,66,scattered clouds
2025-02-28 17:49:40,10.76,66,scattered clouds
2025-02-28 18:08:35,10.76,66,scattered clouds
2025-02-28 18:29:01,9.76,71,clear sky
2025-02-28 18:41:19,9.76,71,clear sky
2025-02-28 18:52:32,9.76,71,clear sky
2025-02-28 19:14:18,7.71,69,clear sky
2025-02-28 19:36:08,4.76,87,clear sky
2025-02-28 19:47:20,4.76,87,clear sky
2025-02-28 19:58:15,4.76,87,clear sky
2025-02-28 20:19:28,4.76,100,clear sky
2025-02-28 20:30:38,4.76,100,clear sky
2025-02-28 20:41:50,4.76,100,clear sky
2025-02-28 20:53:11,4.76,100,clear sky
2025-02-28 21:29:14,3.76,100,clear sky
2025-02-28 22:01:09,3.76,100,clear sky
2025-02-28 22:30:00,3.76,100,mist
2025-02-28 22:42:13,3.76,100,mist
2025-02-28 22:53:25,3.76,100,mist
2025-02-28 23:14:25,0.76,100,mist
2025-02-28 23:34:14,0.76,100,mist
2025-02-28 23:45:27,0.76,100,mist
2025-02-28 23:56:20,0.76,100,mist
2025-03-01 00:23:24,0.76,100,fog
2025-03-01 00:38:13,0.76,100,fog
2025-03-01 00:49:42,0.76,100,fog
2025-03-01 01:09:31,0.76,100,fog
2025-03-01 01:35:50,-1.24,100,fog
2025-03-01 01:48:43,-1.24,100,fog
2025-03-01 01:59:44,-0.24,93,fog
2025-03-01 02:21:08,-0.24,93,fog
2025-03-01 02:36:09,-0.24,100,fog
2025-03-01 02:47:28,-0.24,100,fog
2025-03-01 02:58:27,-0.24,100,fog
2025-03-01 03:32:55,-1.24,100,fog
2025-03-01 03:48:11,-1.24,100,fog
2025-03-01 03:59:08,-1.24,100,fog
2025-03-01 04:20:18,-0.24,100,fog
2025-03-01 04:31:41,-0.24,100,fog
2025-03-01 04:42:47,-0.24,100,fog
2025-03-01 04:53:41,-0.24,100,fog
2025-03-01 05:17:22,-0.24,100,fog
2025-03-01 05:33:57,-0.24,100,fog
2025-03-01 05:45:16,-0.24,100,fog
2025-03-01 05:56:32,-0.24,100,fog
2025-03-01 06:19:46,3.56,79,overcast clouds
2025-03-01 06:31:05,-1.24,100,fog
2025-03-01 06:42:01,-1.24,100,fog
2025-03-01 06:53:23,-1.24,100,fog
2025-03-01 07:14:10,3.51,77,overcast clouds
2025-03-01 07:33:17,-1.24,100,fog
2025-03-01 07:44:21,-0.24,100,fog
2025-03-01 07:55:31,-0.24,93,fog
2025-03-01 08:18:13,-0.24,100,fog
2025-03-01 08:29:47,-0.24,100,fog
2025-03-01 08:41:06,-0.24,100,fog
2025-03-01 08:52:25,-0.24,100,fog
2025-03-01 10:08:22,1.76,100,mist
2025-03-01 11:37:30,8.76,71,mist
2025-03-01 12:19:34,8.01,52,overcast clouds
2025-03-01 12:43:56,13.76,44,haze
2025-03-01 12:55:09,13.76,44,haze
2025-03-01 13:21:42,12.76,47,overcast clouds
2025-03-01 13:38:31,12.76,47,haze
2025-03-01 13:49:27,12.76,47,haze
2025-03-01 14:07:16,12.76,47,haze
2025-03-01 14:28:52,11.76,54,light rain
2025-03-01 14:41:10,11.76,54,moderate rain
2025-03-01 14:52:14,11.76,54,moderate rain
2025-03-01 15:17:24,12.78,50,haze
2025-03-01 15:40:25,10.76,82,moderate rain
2025-03-01 15:51:47,10.76,82,light rain
2025-03-01 16:10:49,10.76,82,broken clouds
2025-03-01 16:26:32,8.86,49,overcast clouds
2025-03-01 16:38:16,11.76,66,haze
2025-03-01 16:49:27,11.76,66,haze
2025-03-01 17:09:04,12.78,54,haze
2025-03-01 17:31:57,11.76,62,haze
2025-03-01 17:45:35,11.76,62,haze
2025-03-01 17:56:44,11.76,62,haze
2025-03-01 18:20:54,10.76,71,overcast clouds
2025-03-01 18:33:45,10.76,71,haze
2025-03-01 18:44:43,10.76,71,haze
2025-03-01 18:55:39,10.76,71,haze
2025-03-01 19:19:06,7.63,64,overcast clouds
2025-03-01 19:35:53,9.76,76,broken clouds
2025-03-01 19:47:00,9.76,76,broken clouds
2025-03-01 19:57:59,9.76,76,broken clouds
2025-03-01 20:17:31,9.76,76,broken clouds
2025-03-01 20:28:38,7.76,81,overcast clouds
2025-03-01 20:40:07,7.76,81,broken clouds
2025-03-01 20:51:31,7.76,81,broken clouds
2025-03-01 21:19:34,7.65,64,overcast clouds
2025-03-01 21:52:11,5.76,100,mist
2025-03-01 22:16:06,8.21,49,overcast clouds
2025-03-01 22:31:19,6.76,93,mist
2025-03-01 22:42:28,6.76,93,mist
2025-03-01 22:53:50,6.76,93,mist
2025-03-01 23:13:38,7.94,50,overcast clouds
2025-03-01 23:31:27,6.76,87,mist
2025-03-01 23:42:41,6.76,87,mist
2025-03-01 23:53:56,6.76,87,mist
2025-03-02 00:14:59,7.43,53,broken clouds
2025-03-02 00:31:18,3.76,100,mist
2025-03-02 00:42:20,3.76,100,mist
2025-03-02 00:53:32,3.76,100,mist
2025-03-02 01:17:08,7.07,55,broken clouds
2025-03-02 01:36:55,3.76,100,mist
2025-03-02 01:48:04,3.76,100,mist
2025-03-02 01:59:21,3.76,100,mist
2025-03-02 02:20:19,3.76,100,mist
2025-03-02 02:32:09,3.76,100,mist
2025-03-02 02:43:19,3.76,100,mist
2025-03-02 02:54:29,3.76,100,mist
2025-03-02 03:21:43,3.76,100,mist
2025-03-02 03:39:40,3.76,100,mist
2025-03-02 03:50:52,3.76,100,mist
2025-03-02 04:07:23,4.76,100,mist
2025-03-02 04:21:08,4.76,100,mist
2025-03-02 04:32:49,4.76,100,mist
2025-03-02 04:43:53,4.76,100,mist
2025-03-02 04:54:48,4.76,100,mist
2025-03-02 05:17:59,7.26,53,overcast clouds
2025-03-02 05:30:59,5.76,93,mist
2025-03-02 05:41:56,5.76,93,mist
2025-03-02 05:53:22,5.76,93,mist
2025-03-02 06:12:56,5.76,93,mist
2025-03-02 06:28:41,4.76,100,mist
2025-03-02 06:39:44,4.76,100,mist
2025-03-02 06:50:54,4.76,100,mist
2025-03-02 07:08:48,4.76,100,mist
2025-03-02 07:29:41,4.76,100,mist
2025-03-02 07:41:03,4.76,100,mist
2025-03-02 07:52:25,4.76,100,mist
2025-03-02 08:13:35,4.76,100,mist
2025-03-02 08:29:08,5.76,87,mist
2025-03-02 08:40:13,5.76,87,mist
2025-03-02 08:51:39,5.76,87,mist
2025-03-02 09:59:55,6.76,81,broken clouds
2025-03-02 11:32:54,10.76,62,light rain
2025-03-02 12:08:24,10.76,62,broken clouds
2025-03-02 12:37:18,12.76,54,overcast clouds
2025-03-02 12:49:52,12.76,54,broken clouds
2025-03-02 13:09:46,12.76,54,broken clouds
2025-03-02 13:31:31,14.76,41,clear sky
2025-03-02 13:44:13,14.76,41,clear sky
2025-03-02 13:55:21,14.76,41,clear sky
2025-03-02 14:19:42,8.99,45,overcast clouds
2025-03-02 14:36:22,8.99,45,overcast clouds
2025-03-02 14:47:20,13.76,41,clear sky
2025-03-02 14:58:41,13.76,41,clear sky
2025-03-02 15:32:00,13.76,35,overcast clouds
2025-03-02 15:46:20,13.76,35,moderate rain
2025-03-02 15:57:26,13.76,35,moderate rain
2025-03-02 16:20:01,8.09,64,moderate rain
2025-03-02 16:31:26,10.76,62,moderate rain
2025-03-02 16:42:19,10.76,62,moderate rain
2025-03-02 16:53:27,10.76,62,moderate rain
2025-03-02 17:17:50,7.78,81,moderate rain
2025-03-02 17:35:50,7.76,93,moderate rain
2025-03-02 17:46:58,7.76,93,moderate rain
2025-03-02 17:58:07,7.76,93,moderate rain
2025-03-02 18:23:57,6.78,87,heavy intensity rain
2025-03-02 18:36:14,6.76,100,moderate rain
2025-03-02 18:47:03,6.76,100,moderate rain
2025-03-02 18:58:19,6.76,100,moderate rain
2025-03-02 19:24:30,5.76,93,moderate rain
2025-03-02 19:38:58,5.76,93,moderate rain
2025-03-02 19:50:06,5.76,93,moderate rain
2025-03-02 20:07:27,5.76,93,moderate rain
2025-03-02 20:22:23,4.76,93,moderate rain
2025-03-02 20:34:48,4.76,93,moderate rain
2025-03-02 20:46:07,4.76,93,moderate rain
2025-03-02 20:57:04,4.76,93,moderate rain
2025-03-02 21:40:36,4.76,87,light rain
2025-03-02 22:01:16,4.76,87,light rain
2025-03-02 22:26:02,3.2,78,moderate rain
2025-03-02 22:37:27,2.88,80,moderate rain
2025-03-02 22:48:35,3.76,93,light rain
2025-03-02 22:59:45,3.76,93,light rain
2025-03-02 23:23:07,2.06,82,light rain
2025-03-02 23:36:49,2.76,93,moderate rain
2025-03-02 23:47:53,2.76,93,moderate rain
2025-03-02 23:59:03,2.76,93,moderate rain
2025-03-03 00:23:48,2.76,93,moderate rain
2025-03-03 00:36:39,2.76,93,moderate rain
2025-03-03 00:47:32,2.76,93,moderate rain
2025-03-03 00:58:32,2.76,93,moderate rain
2025-03-03 01:27:39,2.76,93,moderate rain
2025-03-03 01:43:07,2.76,93,moderate rain
2025-03-03 01:54:14,2.76,93,moderate rain
2025-03-03 02:13:16,0.46,100,snow
2025-03-03 02:29:32,2.76,93,moderate rain
2025-03-03 02:40:36,2.76,93,moderate rain
2025-03-03 02:52:05,2.76,93,moderate rain
2025-03-03 03:16:54,1.76,100,moderate rain
2025-03-03 03:40:02,1.76,100,light rain
2025-03-03 03:51:00,1.76,100,light rain
2025-03-03 04:07:50,1.76,100,moderate rain
2025-03-03 04:22:40,0.25,98,snow
2025-03-03 04:34:52,1.76,100,moderate rain
2025-03-03 04:45:47,1.76,100,moderate rain
2025-03-03 04:56:43,1.76,100,moderate rain
2025-03-03 05:22:08,0.1,97,snow
2025-03-03 05:34:50,0.76,100,light rain
2025-03-03 05:46:06,0.76,100,moderate rain
2025-03-03 05:57:18,0.76,100,light rain
2025-03-03 06:20:52,0.1,95,snow
2025-03-03 06:32:16,0.76,100,snow
2025-03-03 06:43:13,0.76,100,snow
2025-03-03 06:54:06,0.76,100,snow
2025-03-03 07:15:25,0.76,100,light snow
2025-03-03 07:32:48,0.76,100,light snow
2025-03-03 07:43:55,0.76,100,snow
2025-03-03 07:55:13,0.76,100,overcast clouds
2025-03-03 08:17:15,0.93,83,overcast clouds
2025-03-03 08:29:06,1.76,93,broken clouds
2025-03-03 08:40:24,1.76,93,mist
2025-03-03 08:51:37,1.76,93,mist
2025-03-03 09:58:15,2.76,81,broken clouds
2025-03-03 11:24:03,4.76,65,clear sky
2025-03-03 12:06:44,4.76,65,clear sky
2025-03-03 12:37:55,5.76,56,clear sky
2025-03-03 12:52:23,5.76,56,clear sky
2025-03-03 13:17:04,3.08,70,broken clouds
2025-03-03 13:38:43,6.76,57,clear sky
2025-03-03 13:49:58,6.76,57,clear sky
2025-03-03 14:09:28,6.76,57,clear sky
2025-03-03 14:31:30,6.76,57,clear sky
2025-03-03 14:43:30,6.76,57,clear sky
2025-03-03 14:54:33,6.76,57,clear sky
2025-03-03 15:26:30,5.76,52,clear sky
2025-03-03 15:47:33,5.76,52,clear sky
2025-03-03 15:58:39,5.76,52,clear sky
2025-03-03 16:24:05,4.76,52,clear sky
2025-03-03 16:36:27,4.76,52,clear sky
2025-03-03 16:47:42,4.76,52,clear sky
2025-03-03 16:58:36,4.76,52,clear sky
2025-03-03 17:32:26,4.76,52,clear sky
2025-03-03 17:47:36,4.76,52,clear sky
2025-03-03 17:58:29,4.76,52,clear sky
2025-03-03 18:27:46,3.76,52,clear sky
2025-03-03 18:42:09,3.76,52,clear sky
2025-03-03 18:53:08,3.76,52,clear sky
2025-03-03 19:16:44,1.42,53,overcast clouds
2025-03-03 19:39:20,2.76,56,clear sky
2025-03-03 19:50:14,2.76,56,clear sky
2025-03-03 20:07:53,2.76,56,clear sky
2025-03-03 20:25:06,1.76,55,clear sky
2025-03-03 20:37:18,1.76,55,clear sky
2025-03-03 20:48:46,1.76,55,clear sky
2025-03-03 20:59:44,1.76,55,clear sky
2025-03-03 21:49:35,1.76,51,clear sky
2025-03-03 22:17:04,0.72,52,overcast clouds
2025-03-03 22:38:18,1.76,51,clear sky
2025-03-03 22:49:36,1.76,51,clear sky
2025-03-03 23:08:14,0.7,52,overcast clouds
2025-03-03 23:32:13,1.76,48,clear sky
2025-03-03 23:45:23,1.76,48,clear sky
2025-03-03 23:56:43,1.76,48,clear sky
2025-03-04 00:24:45,0.71,52,overcast clouds
2025-03-04 00:40:21,1.76,51,clear sky
2025-03-04 00:51:32,1.76,51,clear sky
2025-03-04 01:14:30,1.76,51,clear sky
2025-03-04 01:40:11,1.76,55,clear sky
2025-03-04 01:54:19,1.76,55,clear sky
2025-03-04 02:15:38,0.79,54,overcast clouds
2025-03-04 02:32:53,1.76,51,clear sky
2025-03-04 02:44:07,1.76,51,clear sky
2025-03-04 02:55:07,1.76,51,clear sky
2025-03-04 03:25:43,0.69,55,light snow
2025-03-04 03:45:41,1.76,51,clear sky
2025-03-04 03:56:39,1.76,51,clear sky
2025-03-04 04:17:35,0.77,57,overcast clouds
2025-03-04 04:28:35,1.76,55,clear sky
2025-03-04 04:39:36,1.76,55,clear sky
2025-03-04 04:50:52,1.76,55,clear sky
2025-03-04 05:11:16,1.76,55,clear sky
2025-03-04 05:30:45,1.76,55,clear sky
2025-03-04 05:44:48,1.76,55,clear sky
2025-03-04 05:56:03,1.76,55,snow
2025-03-04 06:20:39,1.76,55,clear sky
2025-03-04 06:35:34,1.76,55,clear sky
2025-03-04 06:46:34,1.76,55,clear sky
2025-03-04 06:57:32,1.76,55,clear sky
2025-03-04 07:22:59,0.84,57,light snow
2025-03-04 07:38:57,2.76,52,light rain
2025-03-04 07:50:12,2.76,52,light rain
2025-03-04 08:08:32,2.76,52,clear sky
2025-03-04 08:26:33,2.76,56,clear sky
2025-03-04 08:38:57,2.76,56,light rain
2025-03-04 08:50:22,2.76,56,snow
2025-03-04 09:44:31,1.76,75,snow
2025-03-04 11:12:45,-0.24,100,snow
2025-03-04 12:03:28,0.76,100,snow
2025-03-04 12:35:36,0.76,100,snow
2025-03-04 12:50:48,0.76,100,snow
2025-03-04 13:12:35,0.76,100,snow
2025-03-04 13:34:26,1.76,100,snow
2025-03-04 13:47:36,1.76,100,snow
2025-03-04 13:58:50,1.76,100,snow
2025-03-04 14:24:41,1.76,100,light rain
2025-03-04 14:39:23,1.76,100,light rain
2025-03-04 14:50:38,1.76,100,light rain
2025-03-04 15:14:05,1.78,93,light rain and snow
2025-03-04 15:40:49,2.76,87,light rain
2025-03-04 15:52:20,2.76,87,light rain
2025-03-04 16:13:57,1.78,87,light rain
2025-03-04 16:29:54,2.76,93,light rain
2025-03-04 16:41:21,2.76,93,broken clouds
2025-03-04 16:52:31,2.76,93,broken clouds
2025-03-04 17:16:40,2.76,93,broken clouds
2025-03-04 17:38:53,3.76,81,broken clouds
2025-03-04 17:51:24,3.76,81,broken clouds
2025-03-04 18:12:29,2.78,70,broken clouds
2025-03-04 18:31:35,2.78,70,broken clouds
2025-03-04 18:43:39,3.76,70,broken clouds
2025-03-04 18:54:59,3.76,70,broken clouds
2025-03-04 19:20:32,2.13,69,overcast clouds
2025-03-04 19:40:29,2.76,81,broken clouds
2025-03-04 19:51:38,2.76,81,broken clouds
2025-03-04 20:10:16,2.27,66,overcast clouds
2025-03-04 20:25:42,2.27,66,overcast clouds
2025-03-04 20:38:09,1.76,87,broken clouds
2025-03-04 20:49:18,1.76,87,broken clouds
2025-03-04 21:00:35,1.76,87,broken clouds
2025-03-04 21:49:52,1.76,87,clear sky
2025-03-04 22:17:27,1.76,87,clear sky
2025-03-04 22:38:20,1.76,80,clear sky
2025-03-04 22:49:33,1.76,80,clear sky
2025-03-04 23:07:32,2.14,65,overcast clouds
2025-03-04 23:31:27,1.76,75,clear sky
2025-03-04 23:44:46,1.76,75,snow
2025-03-04 23:55:48,1.76,75,snow
2025-03-05 00:22:39,1.84,68,overcast clouds
2025-03-05 00:38:59,1.76,75,light snow
2025-03-05 00:50:05,1.76,75,clear sky
2025-03-05 01:11:48,1.76,75,clear sky
2025-03-05 01:38:42,1.76,75,clear sky
2025-03-05 01:52:44,1.76,75,clear sky
2025-03-05 02:12:55,1.01,72,overcast clouds
2025-03-05 02:31:27,1.76,75,clear sky
2025-03-05 02:43:00,1.76,75,clear sky
2025-03-05 02:53:43,1.76,75,clear sky
2025-03-05 03:22:39,0.73,72,overcast clouds
2025-03-05 03:44:37,1.76,75,clear sky
2025-03-05 03:55:49,1.76,75,clear sky
2025-03-05 04:15:59,1.15,76,overcast clouds
2025-03-05 04:26:59,1.76,75,clear sky
2025-03-05 04:38:58,1.76,75,clear sky
2025-03-05 04:50:14,1.76,75,clear sky
2025-03-05 05:10:09,1.76,75,clear sky
2025-03-05 05:30:04,1.76,75,clear sky
2025-03-05 05:42:31,1.76,75,clear sky
2025-03-05 05:53:34,1.76,75,light snow
2025-03-05 06:15:06,0.98,75,overcast clouds
2025-03-05 06:30:19,1.76,75,clear sky
2025-03-05 06:41:16,1.76,75,clear sky
2025-03-05 06:52:27,1.76,75,clear sky
2025-03-05 07:12:23,1.05,74,light snow
2025-03-05 07:31:33,1.76,75,snow
2025-03-05 07:42:48,1.76,75,snow
2025-03-05 07:53:48,1.76,75,light snow
2025-03-05 08:15:21,1.35,71,overcast clouds
2025-03-05 08:29:45,1.76,75,clear sky
2025-03-05 08:40:59,1.76,75,clear sky
2025-03-05 08:52:10,1.76,75,clear sky
2025-03-05 10:02:33,2.76,70,light rain
2025-03-05 11:32:24,4.76,65,light rain
2025-03-05 12:06:56,4.76,65,clear sky
2025-03-05 12:36:21,4.76,65,clear sky
2025-03-05 12:50:50,4.76,65,clear sky
2025-03-05 13:12:42,6.82,47,overcast clouds
2025-03-05 13:34:47,5.76,65,clear sky
2025-03-05 13:47:28,5.76,65,clear sky
2025-03-05 13:58:25,5.76,65,clear sky
2025-03-05 14:25:00,7.48,43,overcast clouds
2025-03-05 14:40:20,6.76,61,clear sky
2025-03-05 14:51:32,6.76,61,clear sky
2025-03-05 15:17:01,7.88,41,overcast clouds
2025-03-05 15:42:12,7.76,57,broken clouds
2025-03-05 15:53:32,7.76,57,broken clouds
2025-03-05 16:15:30,7.76,57,broken clouds
2025-03-05 16:31:07,7.76,57,broken clouds
2025-03-05 16:42:19,7.76,57,broken clouds
2025-03-05 16:53:24,7.76,57,broken clouds
2025-03-05 17:20:32,7.76,57,clear sky
2025-03-05 17:41:11,7.76,57,clear sky
2025-03-05 17:53:05,7.76,57,clear sky
2025-03-05 18:16:27,7.35,40,overcast clouds
2025-03-05 18:34:13,6.76,61,clear sky
2025-03-05 18:45:28,6.76,61,clear sky
2025-03-05 18:56:31,6.76,61,clear sky
2025-03-05 19:24:08,6.84,42,overcast clouds
2025-03-05 19:42:06,4.76,65,few clouds
2025-03-05 19:53:19,4.76,65,few clouds
2025-03-05 20:13:03,6.22,46,overcast clouds
2025-03-05 20:27:19,6.22,46,overcast clouds
2025-03-05 20:39:18,3.76,75,few clouds
2025-03-05 20:50:28,3.76,75,few clouds
2025-03-05 21:18:06,5.76,47,overcast clouds
2025-03-05 21:56:21,3.76,81,clear sky
2025-03-05 22:28:31,1.76,93,clear sky
2025-03-05 22:42:46,1.76,93,clear sky
2025-03-05 22:54:05,1.76,93,clear sky
2025-03-05 23:16:08,4.15,48,clear sky
2025-03-05 23:36:29,1.76,87,clear sky
2025-03-05 23:47:54,1.76,87,clear sky
2025-03-05 23:58:52,1.76,87,clear sky
2025-03-06 00:25:20,0.76,80,clear sky
2025-03-06 00:40:55,0.76,80,clear sky
2025-03-06 00:52:10,0.76,80,clear sky
2025-03-06 01:21:01,3.11,49,clear sky
2025-03-06 01:47:41,-0.24,80,clear sky
2025-03-06 01:59:32,-0.24,80,clear sky
2025-03-06 02:24:06,-1.24,93,clear sky
2025-03-06 02:49:32,-1.24,93,clear sky
2025-03-06 03:10:51,-1.24,93,clear sky
2025-03-06 03:39:56,-2.24,93,clear sky
2025-03-06 03:52:51,-2.24,93,clear sky
2025-03-06 04:11:53,-2.24,93,clear sky
2025-03-06 04:25:24,1.97,53,clear sky
2025-03-06 04:38:05,-2.24,86,clear sky
2025-03-06 04:49:26,-2.24,86,clear sky
2025-03-06 05:08:28,-2.24,86,clear sky
2025-03-06 05:29:56,-1.24,80,clear sky
2025-03-06 05:43:35,-1.24,80,clear sky
2025-03-06 05:54:26,-1.24,80,clear sky
2025-03-06 06:16:34,1.39,56,clear sky
2025-03-06 06:30:35,-3.24,86,clear sky
2025-03-06 06:41:38,-3.24,86,clear sky
2025-03-06 06:52:52,-3.24,86,clear sky
2025-03-06 07:13:38,1.19,58,clear sky
2025-03-06 07:33:24,-1.24,86,clear sky
2025-03-06 07:44:38,-1.24,86,clear sky
2025-03-06 07:55:34,-1.24,86,clear sky
2025-03-06 08:20:07,-0.24,80,clear sky
2025-03-06 08:33:10,-0.24,80,clear sky
2025-03-06 08:44:08,-0.24,80,clear sky
2025-03-06 08:55:07,-0.24,80,clear sky
2025-03-06 10:27:14,3.76,65,clear sky
2025-03-06 11:44:24,5.76,56,clear sky
2025-03-06 12:17:17,6.76,53,clear sky
2025-03-06 12:41:24,6.76,53,clear sky
2025-03-06 12:52:22,6.76,53,clear sky
2025-03-06 13:16:24,6.72,38,clear sky
2025-03-06 13:38:46,7.76,46,clear sky
2025-03-06 13:51:11,7.76,46,clear sky
2025-03-06 14:11:23,8.76,40,clear sky
2025-03-06 14:31:52,8.76,40,clear sky
2025-03-06 14:44:52,8.76,40,clear sky
2025-03-06 14:55:49,8.76,40,clear sky
2025-03-06 15:29:16,8.76,40,clear sky
2025-03-06 15:47:51,8.76,40,clear sky
2025-03-06 15:59:08,8.76,40,clear sky
2025-03-06 16:25:29,8.5,31,clear sky
2025-03-06 16:39:09,9.76,37,clear sky
2025-03-06 16:50:13,9.76,37,clear sky
2025-03-06 17:12:26,8.76,40,clear sky
2025-03-06 17:36:50,8.76,40,clear sky
2025-03-06 17:51:30,8.76,40,clear sky
2025-03-06 18:12:34,6.76,53,clear sky
2025-03-06 18:31:51,6.76,53,clear sky
2025-03-06 18:43:20,6.76,53,clear sky
2025-03-06 18:54:31,6.76,53,clear sky
2025-03-06 19:18:50,6.76,53,clear sky
2025-03-06 19:39:54,5.76,45,clear sky
2025-03-06 19:50:59,5.76,45,clear sky
2025-03-06 20:09:20,4.76,45,clear sky
2025-03-06 20:25:04,4.76,45,clear sky
2025-03-06 20:37:36,4.76,45,clear sky
2025-03-06 20:48:48,4.76,45,clear sky
2025-03-06 21:00:07,4.76,45,clear sky
2025-03-06 21:49:53,2.76,52,clear sky
2025-03-06 22:17:36,2.76,52,clear sky
2025-03-06 22:38:03,2.76,52,clear sky
2025-03-06 22:49:20,2.76,52,clear sky
2025-03-06 23:00:50,2.76,52,clear sky
2025-03-06 23:27:13,4.67,36,clear sky
2025-03-06 23:43:26,-0.24,64,clear sky
2025-03-06 23:54:46,-0.24,64,clear sky
2025-03-07 00:19:34,4.07,38,clear sky
2025-03-07 00:36:53,0.76,60,clear sky
2025-03-07 00:48:24,0.76,60,clear sky
2025-03-07 00:59:23,0.76,60,clear sky
2025-03-07 01:31:29,-1.24,74,clear sky
2025-03-07 01:48:58,-1.24,74,clear sky
2025-03-07 01:59:58,-1.24,74,clear sky
2025-03-07 02:24:01,-2.24,86,clear sky
2025-03-07 02:38:18,-2.24,86,clear sky
2025-03-07 03:10:45,2.95,42,clear sky
2025-03-07 03:38:13,-2.24,86,clear sky
2025-03-07 03:51:29,-2.24,86,clear sky
2025-03-07 04:09:05,-2.24,86,clear sky
2025-03-07 04:23:37,-3.24,86,clear sky
2025-03-07 04:36:11,-3.24,86,mist
2025-03-07 04:47:34,-3.24,86,mist
2025-03-07 04:58:28,-3.24,86,mist
2025-03-07 05:26:08,2.43,40,clear sky
2025-03-07 05:40:24,-2.24,86,mist
2025-03-07 05:51:42,-2.24,86,mist
2025-03-07 06:11:25,-2.24,86,mist
2025-03-07 06:28:17,-3.24,93,clear sky
2025-03-07 06:39:55,-3.24,93,mist
2025-03-07 06:50:51,-3.24,93,mist
2025-03-07 07:09:47,-3.24,93,mist
2025-03-07 07:31:43,-2.24,93,mist
2025-03-07 07:43:19,-2.24,93,mist
2025-03-07 07:54:15,-2.24,93,mist
2025-03-07 08:16:37,2.18,45,clear sky
2025-03-07 08:30:31,-1.24,86,clear sky
2025-03-07 08:41:32,-1.24,86,mist
2025-03-07 08:52:33,-1.24,86,mist
2025-03-07 10:06:01,3.76,60,mist
2025-03-07 11:35:07,7.76,39,haze
2025-03-07 12:16:08,8.76,37,haze
2025-03-07 12:42:09,8.76,37,haze
2025-03-07 12:53:14,8.76,37,haze
2025-03-07 13:18:34,9.76,34,clear sky
2025-03-07 13:38:22,9.76,34,clear sky
2025-03-07 13:50:02,9.76,34,clear sky
2025-03-07 14:09:27,9.76,34,clear sky
2025-03-07 14:31:03,9.76,32,clear sky
2025-03-07 14:43:13,9.76,32,clear sky
2025-03-07 14:54:28,9.76,32,clear sky
2025-03-07 15:25:10,9.76,34,clear sky
2025-03-07 15:46:03,9.76,34,clear sky
2025-03-07 15:57:05,9.76,34,clear sky
2025-03-07 16:21:39,9.76,32,clear sky
2025-03-07 16:33:57,8.39,27,overcast clouds
2025-03-07 16:45:04,9.76,32,clear sky
2025-03-07 16:55:56,9.76,32,clear sky
2025-03-07 17:26:42,7.87,27,overcast clouds
2025-03-07 17:44:56,7.76,42,clear sky
2025-03-07 17:55:51,7.76,42,clear sky
2025-03-07 18:21:40,7.15,28,overcast clouds
2025-03-07 18:36:40,5.76,52,clear sky
2025-03-07 18:47:48,5.76,52,clear sky
2025-03-07 18:58:43,5.76,52,clear sky
2025-03-07 19:26:51,6.62,29,overcast clouds
2025-03-07 19:43:24,3.76,65,clear sky
2025-03-07 19:54:25,3.76,65,clear sky
2025-03-07 20:14:24,6.18,30,overcast clouds
2025-03-07 20:27:25,3.76,65,clear sky
2025-03-07 20:39:53,3.76,65,clear sky
2025-03-07 20:51:06,3.76,65,clear sky
2025-03-07 21:20:03,6.02,31,overcast clouds
2025-03-07 21:56:09,2.76,60,clear sky
2025-03-07 22:27:05,2.76,70,clear sky
2025-03-07 22:41:29,2.76,70,clear sky
2025-03-07 22:52:26,2.76,70,clear sky
2025-03-07 23:12:58,5.64,35,overcast clouds
2025-03-07 23:32:58,2.76,70,clear sky
2025-03-07 23:44:40,2.76,70,clear sky
2025-03-07 23:55:45,2.76,70,clear sky
2025-03-08 00:21:22,5.31,36,overcast clouds
2025-03-08 00:36:31,2.76,70,broken clouds
2025-03-08 00:47:28,2.76,70,broken clouds
2025-03-08 00:58:40,2.76,70,broken clouds
2025-03-08 01:30:15,0.76,86,overcast clouds
2025-03-08 01:47:19,0.76,86,broken clouds
2025-03-08 01:58:38,0.76,86,broken clouds
2025-03-08 02:21:44,4.74,39,overcast clouds
2025-03-08 02:36:05,1.76,75,broken clouds
2025-03-08 02:47:21,1.76,75,broken clouds
2025-03-08 02:58:26,1.76,75,broken clouds
2025-03-08 03:32:36,2.76,70,overcast clouds
2025-03-08 03:47:51,2.76,70,broken clouds
2025-03-08 03:58:50,2.76,70,broken clouds
2025-03-08 04:18:49,2.76,70,broken clouds
2025-03-08 04:30:00,1.76,87,overcast clouds
2025-03-08 04:41:24,1.76,87,haze
2025-03-08 04:52:36,1.76,87,haze
2025-03-08 05:15:09,3.9,48,overcast clouds
2025-03-08 05:31:54,0.76,93,haze
2025-03-08 05:43:02,0.76,93,haze
2025-03-08 05:54:11,0.76,93,haze
2025-03-08 06:13:58,0.76,93,haze
2025-03-08 06:26:15,0.76,93,mist
2025-03-08 06:37:41,0.76,93,mist
2025-03-08 06:48:35,0.76,93,mist
2025-03-08 06:59:30,0.76,93,mist
2025-03-08 07:20:54,-0.24,93,mist
2025-03-08 07:32:18,-0.24,93,mist
2025-03-08 07:43:31,-0.24,93,mist
2025-03-08 07:54:46,-0.24,93,mist
2025-03-08 08:14:03,-0.24,93,mist
2025-03-08 08:25:04,0.76,93,overcast clouds
2025-03-08 08:37:14,0.76,93,broken clouds
2025-03-08 08:48:26,0.76,93,broken clouds
2025-03-08 08:59:24,0.76,93,broken clouds
2025-03-08 10:31:59,5.76,56,clear sky
2025-03-08 11:17:14,5.76,56,clear sky
2025-03-08 11:40:47,8.76,40,clear sky
2025-03-08 11:51:58,8.76,40,clear sky
2025-03-08 12:12:17,8.76,40,clear sky
2025-03-08 12:28:34,8.76,34,clear sky
2025-03-08 12:39:21,8.76,34,clear sky
2025-03-08 12:50:22,8.76,34,clear sky
2025-03-08 13:09:22,8.76,34,clear sky
2025-03-08 13:27:01,9.76,29,clear sky
2025-03-08 13:38:29,9.76,29,clear sky
2025-03-08 13:49:32,9.76,29,clear sky
2025-03-08 14:03:51,9.76,29,clear sky
2025-03-08 14:23:46,9.76,25,clear sky
2025-03-08 14:35:12,9.76,25,clear sky
2025-03-08 14:46:12,9.76,25,clear sky
2025-03-08 14:57:12,9.76,25,clear sky
2025-03-08 15:25:33,9.76,29,clear sky
2025-03-08 15:40:01,9.76,29,clear sky
2025-03-08 15:50:58,9.76,29,clear sky
2025-03-08 16:07:29,9.76,29,clear sky
2025-03-08 16:22:48,7.99,35,few clouds
2025-03-08 16:35:15,8.76,46,clear sky
2025-03-08 16:46:29,8.76,46,clear sky
2025-03-08 16:57:22,8.76,46,clear sky
2025-03-08 17:23:56,7.76,49,clear sky
2025-03-08 17:36:04,7.76,49,clear sky
2025-03-08 17:47:14,7.76,49,clear sky
2025-03-08 17:58:15,7.76,49,clear sky
2025-03-08 18:19:20,6.76,57,clear sky
2025-03-08 18:30:10,6.76,57,clear sky
2025-03-08 18:41:24,6.76,57,clear sky
2025-03-08 18:52:33,6.76,57,clear sky
2025-03-08 19:11:59,6.76,57,clear sky
2025-03-08 19:29:01,4.76,70,clear sky
2025-03-08 19:40:03,4.76,70,clear sky
2025-03-08 19:51:13,4.76,70,clear sky
2025-03-08 20:08:35,4.76,70,clear sky
2025-03-08 20:19:55,5.56,59,few clouds
2025-03-08 20:31:11,3.76,75,clear sky
2025-03-08 20:42:13,3.76,75,clear sky
2025-03-08 20:53:25,3.76,75,clear sky
2025-03-08 21:22:16,5.28,62,few clouds
2025-03-08 21:46:22,3.76,81,clear sky
2025-03-08 21:58:46,3.76,81,clear sky
2025-03-08 22:20:56,5.08,65,clear sky
2025-03-08 22:32:01,2.76,93,clear sky
2025-03-08 22:43:03,2.76,93,clear sky
2025-03-08 22:54:00,2.76,93,clear sky
2025-03-08 23:11:27,2.76,93,clear sky
2025-03-08 23:25:07,4.82,69,clear sky
2025-03-08 23:37:15,0.76,100,mist
2025-03-08 23:48:19,0.76,100,mist
2025-03-08 23:59:37,0.76,100,mist
2025-03-09 00:19:30,4.42,71,clear sky
2025-03-09 00:30:34,0.76,100,mist
2025-03-09 00:41:31,0.76,100,mist
2025-03-09 00:52:45,0.76,100,mist
2025-03-09 01:13:20,4.13,73,clear sky
2025-03-09 01:29:48,-0.24,100,mist
2025-03-09 01:40:33,-0.24,100,mist
2025-03-09 01:51:47,-0.24,100,mist
2025-03-09 02:10:07,-0.24,100,mist
2025-03-09 02:57:12,-1.24,100,mist
2025-03-09 03:24:29,3.58,77,clear sky
2025-03-09 03:43:14,-1.24,100,mist
2025-03-09 03:47:23,-1.24,100,mist
2025-03-09 03:58:27,-1.24,100,mist
2025-03-09 04:16:14,-1.24,100,mist
2025-03-09 04:27:03,-2.24,100,mist
2025-03-09 04:38:10,-2.24,100,mist
2025-03-09 04:49:27,-2.24,100,mist
2025-03-09 05:00:54,-2.24,100,mist
2025-03-09 05:20:15,3.2,76,clear sky
2025-03-09 05:31:25,-2.24,100,mist
2025-03-09 05:42:24,-2.24,100,mist
2025-03-09 05:53:18,-2.24,100,mist
2025-03-09 06:12:32,3.06,77,clear sky
2025-03-09 06:23:59,-2.24,100,fog
2025-03-09 06:36:08,-2.24,100,fog
2025-03-09 06:47:04,-2.24,100,fog
2025-03-09 06:57:59,-2.24,100,fog
2025-03-09 07:18:35,-2.24,100,fog
2025-03-09 07:29:50,-2.24,100,fog
2025-03-09 07:40:59,-3.24,100,fog
2025-03-09 07:52:11,-3.24,100,fog
2025-03-09 08:11:10,-2.24,100,fog
2025-03-09 08:24:08,-1.24,100,fog
2025-03-09 08:37:23,-1.24,100,fog
2025-03-09 08:48:28,-1.24,100,fog
2025-03-09 08:59:50,0.76,100,mist
2025-03-09 10:38:54,6.76,76,mist
2025-03-09 11:23:48,6.76,76,mist
2025-03-09 11:46:53,7.76,66,haze
2025-03-09 11:57:54,7.76,66,haze
2025-03-09 12:22:51,9.76,57,clear sky
2025-03-09 12:35:02,9.76,57,haze
2025-03-09 12:45:47,9.76,57,haze
2025-03-09 12:57:01,9.76,57,haze
2025-03-09 13:22:36,10.76,43,clear sky
2025-03-09 13:35:14,10.76,43,clear sky
2025-03-09 13:46:22,10.76,43,clear sky
2025-03-09 13:57:18,10.76,43,clear sky
2025-03-09 14:18:25,10.1,38,scattered clouds
2025-03-09 14:29:28,10.76,46,clear sky
2025-03-09 14:40:40,10.76,46,clear sky
2025-03-09 14:51:51,10.76,46,clear sky
2025-03-09 15:13:35,10.61,35,scattered clouds
2025-03-09 15:31:32,11.76,43,clear sky
2025-03-09 15:42:28,11.76,43,clear sky
2025-03-09 15:53:28,11.76,43,clear sky
2025-03-09 16:11:50,10.83,35,clear sky
2025-03-09 16:23:09,10.83,35,clear sky
2025-03-09 16:35:21,11.76,47,clear sky
2025-03-09 16:46:26,11.76,47,clear sky
2025-03-09 16:57:21,11.76,47,clear sky
2025-03-09 17:24:15,10.76,54,clear sky
2025-03-09 17:35:44,10.76,54,clear sky
2025-03-09 17:46:41,10.76,54,clear sky
2025-03-09 17:57:41,10.76,54,clear sky
2025-03-09 18:19:05,8.76,61,clear sky
2025-03-09 18:29:46,8.76,61,few clouds
2025-03-09 18:40:55,8.76,61,few clouds
2025-03-09 18:52:02,8.76,61,few clouds
2025-03-09 19:11:50,9.15,44,clear sky
2025-03-09 19:32:26,5.76,75,haze
2025-03-09 19:43:09,5.76,75,haze
2025-03-09 19:54:25,5.76,75,haze
2025-03-09 20:12:25,5.76,75,haze
2025-03-09 20:23:34,8.45,47,clear sky
2025-03-09 20:34:46,3.76,87,haze
2025-03-09 20:46:04,3.76,87,haze
2025-03-09 20:57:03,3.76,87,haze
2025-03-09 21:33:57,2.76,87,mist
2025-03-09 21:51:21,2.76,87,mist
2025-03-09 22:10:22,2.76,87,mist
2025-03-09 22:25:16,2.76,93,mist
2025-03-09 22:36:00,2.76,93,mist
2025-03-09 22:47:18,2.76,93,mist
2025-03-09 22:58:10,2.76,93,mist
2025-03-09 23:17:51,6.86,53,clear sky
2025-03-09 23:28:47,1.76,100,mist
2025-03-09 23:39:42,1.76,100,mist
2025-03-09 23:51:03,1.76,100,mist
2025-03-10 00:08:46,6.4,54,clear sky
2025-03-10 00:24:14,0.76,100,mist
2025-03-10 00:35:14,0.76,100,mist
2025-03-10 00:46:34,0.76,100,mist
2025-03-10 00:57:45,0.76,100,mist
2025-03-10 01:23:28,0.76,93,mist
2025-03-10 01:36:18,0.76,93,mist
2025-03-10 01:47:07,0.76,93,mist
2025-03-10 01:58:09,0.76,93,mist
2025-03-10 02:18:46,5.66,57,clear sky
2025-03-10 02:29:50,-0.24,100,mist
2025-03-10 02:40:52,-0.24,100,mist
2025-03-10 02:51:58,-0.24,100,mist
2025-03-10 03:12:41,5.3,58,few clouds
2025-03-10 03:29:48,-1.24,100,mist
2025-03-10 03:40:39,-1.24,100,mist
2025-03-10 03:51:55,-1.24,100,mist
2025-03-10 04:07:35,-1.24,100,mist
2025-03-10 04:18:34,-2.24,100,mist
2025-03-10 04:29:28,-2.24,100,mist
2025-03-10 04:40:25,-2.24,100,mist
2025-03-10 04:51:34,-1.24,100,fog
2025-03-10 05:10:45,-1.24,100,fog
2025-03-10 05:26:34,-0.24,93,fog
2025-03-10 05:37:34,-0.24,93,fog
2025-03-10 05:48:44,-2.24,100,fog
2025-03-10 05:59:57,-2.24,100,fog
2025-03-10 06:20:09,-2.24,100,fog
2025-03-10 06:31:26,-2.24,100,fog
2025-03-10 06:42:19,-2.24,100,fog
2025-03-10 06:53:32,-2.24,100,fog
2025-03-10 07:12:42,-2.24,100,fog
2025-03-10 07:27:37,-2.24,100,fog
2025-03-10 07:38:43,-2.24,100,fog
2025-03-10 07:49:38,-2.24,100,fog
2025-03-10 08:02:28,-2.24,100,fog
2025-03-10 08:19:04,5.04,54,scattered clouds
2025-03-10 08:29:58,-0.24,100,mist
2025-03-10 08:40:54,-0.24,100,mist
2025-03-10 08:52:13,-0.24,100,mist
2025-03-10 09:53:44,3.76,100,mist
2025-03-10 11:02:27,8.76,66,haze
2025-03-10 11:37:54,10.76,54,haze
2025-03-10 11:51:15,10.76,54,haze
2025-03-10 12:11:45,10.76,54,haze
2025-03-10 12:28:55,12.76,47,clear sky
2025-03-10 12:39:50,12.76,47,haze
2025-03-10 12:50:58,12.76,47,haze
2025-03-10 13:10:59,12.76,47,haze
2025-03-10 13:28:50,11.4,34,clear sky
2025-03-10 13:40:36,13.76,38,haze
2025-03-10 13:52:03,13.76,38,haze
2025-03-10 14:11:13,11.85,34,clear sky
2025-03-10 14:27:22,13.76,38,clear sky
2025-03-10 14:38:38,13.76,38,haze
2025-03-10 14:49:48,13.76,38,haze
2025-03-10 15:10:28,13.76,38,haze
2025-03-10 15:32:16,12.76,41,clear sky
2025-03-10 15:43:19,12.76,41,haze
2025-03-10 15:54:22,12.76,41,haze
